{
	"pages": [
		{
			"path": "pages/home/index"
		},
		{
			"path": "pages/login/index"
		},
		{
			"path": "pages/login/register"
		},
		{
			"path": "pages/base/search/index"
		},
		{
			"path": "pages/goods/goods-category/index"

		},
		{
			"path": "pages/goods/goods-list/index"
		},
		{
			"path": "pages/goods/goods-detail/index"
		},
		{
			"path": "pages/shopping-cart/index"
		},
		{
			"path": "pages/order/order-confirm/index"
		},
		{
			"path": "pages/order/order-list/index",
			"style": {
				"enablePullDownRefresh": true
			}
		},
		{
			"path": "pages/order/order-detail/index"
		},
		{
			"path": "pages/order/order-logistics/index"
		},
		{
			"path": "pages/user/user-center/index"
		},
		{
			"path": "pages/user/user-address/list/index"
		},
		{
			"path": "pages/user/user-address/form/index"
		},
		{
			"path": "pages/user/user-collect/index"
		},
		{
			"path": "pages/appraises/form/index"
		},
		{
			"path": "pages/appraises/list/index"
		},
		{
			"path": "pages/order/order-refunds/form/index"
		},
		{
			"path": "pages/order/order-refunds/submit/index"
		},
		{
			"path": "pages/user/user-points-record/index"
		},
		{
			"path": "pages/coupon/coupon-user-list/index",
			"style": {
				"enablePullDownRefresh": true
			}
		},
		{
			"path": "pages/seckill/seckill-list/index"
		},
		{
			"path": "pages/seckill/seckill-detail/index"
		},
		{
			"path": "pages/seckill/seckill-order-confirm/index"
		},
		{
			"path": "pages/coupon/coupon-list/index",
			"style": {
				"enablePullDownRefresh": true
			}
		},
		{
			"path": "pages/bargain/bargain-list/index",
			"style": {
				"enablePullDownRefresh": true
			}
		},
		{
			"path": "pages/bargain/bargain-detail/index"
		},
		{
			"path": "pages/bargain/bargain-user-list/index",
			"style": {
				"enablePullDownRefresh": true
			}
		},
		{
			"path": "pages/bargain/bargain-order-confirm/index"
		},
		{
			"path": "pages/groupon/groupon-list/index",
			"style": {
				"enablePullDownRefresh": true
			}
		},
		{
			"path": "pages/groupon/groupon-detail/index"
		},
		{
			"path": "pages/groupon/groupon-user-list/index",
			"style": {
				"enablePullDownRefresh": true
			}
		},
		{
			"path": "pages/groupon/groupon-user-detail/index"
		},
		{
			"path": "pages/groupon/groupon-order-confirm/index"
		},
		{
			"path": "pages/live/room-list/index"
		},
		{
			"path": "pages/shop/shop-detail/index"
		},
		{
			"path": "pages/shop/shop-list/index"
		},
		{
			"path": "pages/message/list/index"
		},
		{
			"path": "pages/message/chat/index"
		},
		{
			"path": "pages/customer-service/customer-service-list/index"
		},
		{"path": "pages/public/webview/webview"},
		{"path": "pages/map/index"}
    ],
	"tabBar": {
		"list": [
			{
				"pagePath": "pages/home/index"
			},
			{
				"pagePath": "pages/goods/goods-category/index"
			},
			{
				"pagePath": "pages/message/list/index"
			},
			{
				"pagePath": "pages/shopping-cart/index"
			},
			{
				"pagePath": "pages/user/user-center/index"
			}
		]
	},
	"plugins": {
		"live-player-plugin": {
			"version": "1.0.9",
			"provider": "wx2b03c6e691cd7370"
		}
	},

	"globalStyle": {
		"navigationStyle": "custom"
	},

	"condition": { //模式配置，仅开发期间生效
		"current": 0, //当前激活的模式(list 的索引项)
		"list": [{
			"name": "", //模式名称
			"path": "", //启动页面，必选
			"query": "" //启动参数，在页面的onLoad函数里面得到
		}]
	},
	"subPackages": [

	]
}
