{
	"pages": [{
			"path": "pages/home/index"
		},
		{
			"path": "pages/login/login"
		},
		{
			"path": "pages/message/list/index"
		},
		{
			"path": "pages/message/chat/index"
		},
		{
			"path": "pages/user/user"
		},
		{
			"path": "pages/user/setting/index"
		},
		{
			"path": "pages/user/about"
		},
		{
			"path": "pages/home/shop-home"
		},
		{
			"path": "pages/mall/shop/list"
		},
		{
			"path": "pages/mall/goodsspu/list"
		},
		{
			"path": "pages/mall/goodsspu/detail"
		},
		{
			"path": "pages/mall/order/list"
		},
		{
			"path": "pages/mall/order/detail"
		},
		{
			"path": "pages/mall/order/logisticsForm"
		},
		{
			"path": "pages/mall/orderrefunds/list"
		},
		{
			"path": "pages/mall/orderrefunds/detail"
		},
		{
			"path": "pages/mall/userInfo/list"
		},
		{
			"path": "pages/mall/goodsappraises/list"
		},
		{
			"path": "pages/mall/points/pointsconfig"
		},
		{
			"path": "pages/mall/points/pointsrecord"
		},
		{
			"path": "pages/mall/coupon/couponinfo"
		},
		{
			"path": "pages/mall/coupon/counponinfo-detail"
		},
		{
			"path": "pages/mall/coupon/couponuser"
		},
		{
			"path": "pages/mall/bargain/bargaininfo"
		},
		{
			"path": "pages/mall/bargain/bargainuser"
		},
		{
			"path": "pages/mall/bargain/bargainuser-detail"
		},
		{
			"path": "pages/mall/groupon/grouponinfo"
		},
		{
			"path": "pages/mall/groupon/grouponuser"
		},
		{
			"path": "pages/mall/seckill/seckillhall"
		},
		{
			"path": "pages/mall/seckill/seckillinfo"
		},
		{
			"path": "pages/user/account/index"
		},
		{
			"path": "pages/user/account/reset-password"
		},
		{
			"path": "pages/user/setting/log-list"
		},
		{
			"path": "pages/user/terms-of-service/terms-of-service"
		},
		{
			"path": "pages/public/webview/webview"
		},
		{
			"path": "pages/mall/money/index"
		},
		{
			"path": "pages/mall/money/records"
		},
		{
			"path": "pages/mall/money/details"
		},
		{
			"path": "pages/mall/money/confirm"
		},
		{
			"path": "pages/mall/money/cards"
		}
	    ,{
            "path" : "pages/mall/echarts/index",
            "style" :                                                                                    
            {
                "navigationBarTitleText": "",
                "enablePullDownRefresh": false
            }
            
        }
    ],

	"tabBar": {
		"list": [{
				"pagePath": "pages/home/index",
				"iconPath": "static/public/img/1-001.png",
				"selectedIconPath": "static/public/img/1-002.png",
				"text": "工作台"
			},
			{
				"pagePath": "pages/message/list/index",
				"iconPath": "static/public/img/2-001.png",
				"selectedIconPath": "static/public/img/2-002.png",
				"text": "消息"
			},
			{
				"pagePath": "pages/user/user",
				"iconPath": "static/public/img/3-001.png",
				"selectedIconPath": "static/public/img/3-002.png",
				"text": "我的"
			}
		]
	},
	"globalStyle": {
		"mp-alipay": {
			/* 支付宝小程序特有相关 */
			"transparentTitle": "always",
			"allowsBounceVertical": "NO"
		},
		"navigationBarBackgroundColor": "#0081ff",
		"navigationBarTitleText": "JooLun Shop 商家版",
		"navigationStyle": "custom",
		"navigationBarTextStyle": "black"
	},
	"usingComponts": true,
	"condition": { //模式配置，仅开发期间生效
		"current": 0, //当前激活的模式(list 的索引项)
		"list": []
	}

}
